Real sales strategies;Current Sales strategies
billing customer sale;billing customer sale
cancel customer order;cancel customer order
cancel insufficient-stock order; 
complete customer order;complete customer order
customer e-commerce; 
customer service;customer service
customer empathy; 
deliver customer order;deliver customer order
e-commerce omni-channel; 
emit customer quotation;emit customer quotation
generate customer order;generate customer order
local stock control;local stock control
home sale delivery;home sale delivery
register sale;register sale
remote stock control;remote stock control
sales record;sales record
