strategy_name;weight
be;0.0
reach;0.0
advertise be;0.0
spend be;0.0
project reach;0.0
receive type;0.0
mobile advertise be;0.0
see;0.0
ask;0.0
respond;0.0
consumer have;0.0
tap;0.0
person s;0.0
brain —;0.0
conscious brain —;0.0
expend;0.0
activity according;0.0
activity be;0.0
devote;0.0
developing;0.0
require tap;0.0
impression require tap;0.0
neurological activity be;0.0
activity be readily;0.0
eye-tracking;0.0
company be;0.0
extending;0.0
technology work;0.0
predict;0.0
page;0.0
deploy;0.0
feature eye-tracking;0.0
software page;0.0
software page down;0.0
assuage;0.0
company develop;0.0
technology require;0.0
analyse;0.0
resource do;0.0
agency have;0.0
resource do advertiser;0.0
interest consider;0.0
hover;0.0
equivalent hover;0.0
mobile be;0.0
screen pull;0.0
screen pull actually;0.0
signal;0.0
action know;0.0
ios be;0.0
ios be not;0.0
improving;0.0
demand;0.0
role;0.0
ecosystem continue;0.0
publisher benefit;0.0
ad be simply;0.0
benefit;0.0
impression have;0.0
value be;0.0
value be only;0.0
shouldn;0.0
waste;0.0
discount;0.0
impressions shouldn;0.0
t be;0.0
show;0.0
influence;0.0
study show;0.0
impression influence;0.0
platform;0.0
analytics platform;0.0
ad be;0.0
certain ad be;0.0
video;0.0
view;0.0
viewability be;0.0
be view;0.0
need;0.0
help;0.0
gauge;0.0
mean;0.0
technique be;0.0
industry gauge;0.0
impression mean;0.0
viewable impression mean;0.0
flaw;0.0
measurement be;0.0
earn;0.0
rat;0.0
provide;0.0
faf have;0.0
broker rat;0.0
broker provide;0.0
american faf have;0.0
average broker rat;0.0
top;0.0
company report;0.0
quarter top;0.0
post;0.0
firm post;0.0
compare;0.0
business earn;0.0
quarter compare;0.0
revenue wa;0.0
revenue wa up;0.0
anticipate;0.0
analyst anticipate;0.0
disclose;0.0
dividend wa;0.0
quarterly dividend wa;0.0
issue;0.0
record be;0.0
annualized;0.0
represent annualized;0.0
give;0.0
analyst have;0.0
recommendation have;0.0
hold recommendation have;0.0
occur;0.0
news sell;0.16666666666666666
company ’;0.0
transaction occur;0.0
american news sell;0.25
wa disclose;0.0
file be;0.0
legal file be;0.0
downgrade;0.0
faf be;0.0
american faf be;0.0
subsidiary be;0.0
stock;0.0
add;0.0
probably;0.0
skipper;0.0
bite;0.0
fit;0.0
empathize;0.0
e-mail;0.0
journalist;0.0
announce;0.0
admit;0.0
piece;0.0
way respond;0.0
attentive;0.0
story be;0.0
story;0.0
mobile;0.0
application;0.0
far;0.0
shoe;0.0
several;0.0
so far;0.0
have other;0.0
do have other;0.0
charity;0.0
wa be;0.0
someone ask;0.0
time someone ask;0.0
bath;0.0
salt be;0.0
police;0.0
organise;0.0
from;0.0
couple;0.0
inspire;0.0
story inspire;0.0
word;0.0
be word;0.0
um wa;0.0
event;0.0
welcome;0.0
bigger;0.0
city;0.0
area;0.0
sign;0.0
t know;0.0
lady;0.0
smaller;0.0
steadfastly;0.0
chief;0.0
read chief;0.0
long-term;0.0
indeed;0.0
really;0.0
later really;0.0
detective;0.0
even admit;0.0
personally;0.0
luck;0.0
be luck;0.0
history;0.0
bite history;0.0
intrigue;0.0
hard;0.0
fascinate;0.0
course film;0.0
instance;0.0
exactly;0.0
necessarily;0.0
here;0.0
survivor;0.0
well;0.0
based;0.0
train;0.0
nuclear;0.0
wa train;0.0
finance;0.0
service-support;0.0
premier service-support;0.0
admire;0.0
sometimes;0.0
wasn;0.0
international;0.0
call international;0.0
significantly;0.0
trademarks;0.0
pc;0.0
shoot;0.0
emerge happy;0.0
commit;0.0
duty;0.0
next day;0.0
collapse;0.0
life be;0.0
ever didn;0.0
change ever didn;0.0
hero;0.0
pair;0.0
oriental;0.0
mare;0.0
dress;0.0
information involve;0.0
forward-looking information involve;0.0
proceed;0.0
sale;0.16666666666666666
information;0.0
more information;0.0
survive;0.0
affiliate survive;0.0
counting;0.0
transgender;0.0
outfit;0.0
occasion;0.0
whole;0.0
often;0.0
hallquist;0.0
christine;0.0
stay friend;0.0
neighbour;0.0
real name;0.0
concern “;0.0
main;0.0
voice;0.0
be main;0.0
have turn;0.0
community;0.0
international community;0.0
agreement;0.0
be get;0.0
oneness;0.0
get people;0.0
force u;0.0
be force u;0.0
alliance;0.0
beast;0.0
so take;0.0
empire;0.0
coffee empire;0.0
standard;0.0
bar;0.0
variety;0.0
feature variety;0.0
fyi;0.0
appropriate;0.0
duo;0.0
dashing duo;0.0
seem be;0.0
unload;0.0
spot unload;0.0
forward-looking information;0.0
also include;0.0
forward-looking;0.0
generally forward-looking;0.0
information be;0.0
actual;0.0
uncertainty other;0.0
forward-looking information be;0.0
reasonable;0.0
estimate;0.0
base reasonable;0.0
be base reasonable;0.0
belief;0.0
reflect such;0.0
expectation reflect such;0.0
team;0.0
collaboratively;0.0
work collaboratively;0.0
was;0.0
citing;0.0
lift;0.0
contempt;0.0
certainly;0.0
recently;0.0
license;0.0
not issue;0.0
marriage license;0.0
chairman;0.0
beacon;0.0
only beacon;0.0
club have;0.0
given side;0.0
oscillate;0.0
trademark;0.0
defiance;0.0
manager;0.0
offering trademark;0.0
evidence;0.0
venue;0.0
say appear;0.0
guest;0.0
numerous;0.0
depression;0.0
convince;0.0
be convince;0.0
sixty-one;0.0
lucky;0.0
feel lucky;0.0
spring;0.0
daughter;0.0
withdrawal;0.0
wa hospital;0.0
realise;0.0
chair;0.0
disorder;0.0
senator;0.0
pelosi-ism;0.0
original;0.0
semi-final;0.0
dream;0.0
angel;0.0
almost;0.0
record;0.0
grandpa;0.0
crack;0.0
bone;0.0
key;0.0
musical;0.0
be musical;0.0
era;0.0
be so;0.0
half-scottish;0.0
ice;0.0
gradually;0.0
album radio;0.0
album radio much;0.0
mess;0.0
motorway;0.0
travelling;0.0
fifty;0.0
giant;0.0
slowly;0.0
sadly;0.0
woman grab;0.0
opponent;0.0
melody;0.0
given;0.0
replay wa;0.0
agonise;0.0
fortune;0.0
seek fortune;0.0
newspaper;0.0
wan;0.0
reiterate;0.0
ing;0.0
traveling;0.0
aircraft also;0.0
however aircraft also;0.0
indicate military;0.0
reports indicate military;0.0
ultimate;0.0
intelligence;0.0
official;0.0
challenge;0.0
maintain;0.0
presence;0.0
fall point;0.0
authorities;0.0
commitment;0.0
longtime;0.0
urge;0.0
helicopters be;0.0
commuter;0.0
service local;0.0
manhunt;0.0
heavily;0.0
lookout;0.0
join search;0.0
sniper lookout;0.0
reports;0.0
32-year;0.0
suggest wa;0.0
helicopter be;0.0
dismiss;0.0
anticipatory;0.0
investigations be;0.0
apt;0.0
price;0.0
magazine “;0.0
magazine/pa;0.0
cusp;0.0
transformation;0.0
freedom;0.0
expression;0.0
curtail freedom;0.0
joint;0.0
arrive;0.0
meal;0.0
sit meal;0.0
week;0.0
purpose;0.0
mission;0.0
memory s;0.0
food;0.0
importance food;0.0
dad;0.0
effectively;0.0
few;0.0
sick;0.0
child be;0.0
more “;0.0
help child;0.0
drug;0.0
nevertheless;0.0
law;0.0
pharmacy;0.0
compound pharmacy;0.0
do be;0.0
voluntary;0.0
registration be;0.0
medical;0.0
doctor;0.0
have;0.0
find;0.0
compound;0.0
pharmaceutical;0.0
manufacturer;0.0
medication pharmaceutical;0.0
note;0.0
prescription;0.0
most prescription;0.0
yet;0.0
most;0.0
god-fearing;0.0
self-employed;0.0
love;0.0
play;0.0
friendship;0.0
thing;0.0
start;0.0
little;0.0
flesh;0.0
yahoo.co.ukwilliam;0.0
cute;0.0
be cute;0.0
tribe.reach;0.0
mattwilliam1252;0.0
recipes be;0.0
tell u;0.0
today;0.0
quite;0.0
possible;0.0
due;0.0
fact;0.0
secret;0.0
review;0.0
transition review;0.0
convenient transition review;0.0
put;0.0
way;0.0
tendency;0.0
difficult;0.0
solve;0.0
natural;0.0
say;0.0
year;0.0
remind;0.0
problem;0.0
not;0.0
result;0.0
think;0.0
do;0.0
same;0.0
tremendous;0.0
first;0.0
next;0.0
mutual;0.0
so;0.0
contrary;0.0
especially so;0.0
analyst;0.0
course analyst;0.0
experience;0.0
long;0.0
entirely;0.0
market;0.0
index;0.0
only;0.0
general market;0.0
contrarian;0.0
representation;0.0
well-known;0.0
refresh;0.0
final;0.0
do not;0.0
state;0.0
differences;0.0
further state;0.0
conclude be;0.0
marriage;0.0
commercial;0.0
same-sex;0.0
collins;0.0
fall;0.0
n't;0.0
hold;0.0
seem hold;0.0
report;0.0
senior;0.0
chat;0.0
jailed;0.0
lawyer jailed;0.0
read;0.0
wa;0.0
even;0.0
extremism;0.0
ironic;0.0
also;0.0
achieve;0.0
actually achieve;0.0
witch;0.0
trial;0.0
answer;0.0
reason;0.0
name;0.0
get;0.0
just;0.0
attempt;0.0
grasp;0.0
flow;0.0
writer;0.0
nefas;0.0
go;0.0
character;0.0
upgrade;0.0
focus;0.0
defendant focus;0.0
go defendant focus;0.0
age;0.0
girl;0.0
many;0.0
conspiracy;0.0
rape conspiracy;0.0
national;0.0
sentence;0.0
sentencing;0.0
head;0.0
now;0.0
game;0.0
3-and-out;0.0
wa start;0.0
hold 3-and-out;0.0
drive;0.0
stall drive;0.0
finally;0.0
follow;0.0
people;0.0
be people;0.0
grace;0.0
oral;0.0
tell;0.0
live;0.0
come;0.0
set;0.0
create;0.0
entire;0.0
doe;0.0
know;0.0
together;0.0
let;0.0
something;0.0
listen;0.0
supporter;0.0
deal;0.0
iranian;0.0
eliminate;0.0
partner ”;0.0
agreement iranian;0.0
remind u;0.0
view “;0.0
enemy;0.0
learn;0.0
apply;0.0
look;0.0
amount;0.0
debt;0.0
credit;0.0
current;0.0
better;0.0
country have;0.0
best;0.0
known best;0.0
wall;0.0
stunning;0.0
wonderful;0.0
relaxing;0.0
fish;0.0
run;0.0
youngish;0.0
be run;0.0
hatchery be run;0.0
yes;0.0
saw;0.0
improvised;0.0
driving;0.0
country;0.0
keep;0.0
open;0.0
going;0.0
much;0.0
farm;0.0
washing;0.0
afternoon;0.0
very;0.0
remain;0.0
saw remain;0.0
ruins;0.0
other;0.0
huge;0.0
use;0.0
assume;0.0
move;0.0
last;0.0
according;0.0
account;0.0
late account;0.0
large;0.0
latest;0.0
auditor;0.0
banker;0.0
contacted;0.0
allegation;0.0
questions;0.0
swapping;0.0
australian;0.0
major;0.0
ha;0.0
refuse;0.0
money;0.0
malaysian;0.0
ready;0.0
wa ready;0.0
then;0.0
rancid;0.0
instead;0.0
make;0.0
copy;0.0
reread;0.0
ever;0.0
fifth;0.0
absence;0.0
more;0.0
father;0.0
most father;0.0
cent;0.0
ten;0.0
only ten;0.0
parental;0.0
leave;0.0
father say;0.0
pay;0.0
minimum;0.0
act;0.0
once;0.0
true;0.0
say n't;0.0
be true;0.0
workplace;0.0
fathers;0.0
partner;0.0
dad partner;0.0
scheme;0.0
concept;0.0
being;0.0
desire;0.0
canadian;0.0
support;0.0
previously;0.0
division ha;0.0
usually;0.0
join;0.0
s join;0.0
tough;0.0
recent;0.0
member;0.0
however;0.0
third;0.0
again;0.0
wa go;0.0
block;0.0
run play;0.0
take;0.0
man;0.0
lifeguards;0.0
lifeguard;0.0
lifeguard say;0.0
hadn;0.0
biggest;0.0
endure;0.0
closer;0.0
never;0.0
maybe;0.0
part;0.0
company;0.0
stock be;0.0
ray;0.0
wife;0.0
fan;0.0
don;0.0
editor;0.0
realize;0.0
granted;0.0
truth;0.0
stay;0.0
fundraise;0.0
build;0.0
ha build;0.0
sanders;0.0
element;0.0
be element;0.0
month ha;0.0
primary;0.0
democratic primary;0.0
fan have;0.0
restaurant;0.0
pancakes;0.0
mcgriddles;0.0
sites;0.0
vintage;0.0
briefcase;0.0
style;0.0
classic briefcase;0.0
close;0.0
appreciate;0.0
socialism;0.0
does;0.0
frankly;0.0
students;0.0
western;0.0
economy;0.0
generally;0.0
buy;0.08333333333333333
sell;0.08333333333333333
real;0.0
day age;0.0
co-founded;0.0
offer;0.0
prestigious;0.0
most prestigious;0.0
designee;0.0
goal;0.0
be provide;0.0
estate;0.0
real estate;0.0
day;0.0
addition;0.0
govision;0.0
comprise;0.0
baby;0.0
believe;0.0
service;0.0
boy;0.0
pain;0.0
high;0.0
meanwhile;0.0
responsibility;0.0
sticky;0.0
place sticky;0.0
app;0.0
always;0.0
not be;0.0
pointer;0.0
religious;0.0
executive;0.0
intend;0.0
political;0.0
intimidate;0.0
continue;0.0
consume;0.0
home;0.0
wildfire consume;0.0
10-minute;0.0
juan;0.0
watch;0.0
catholics;0.0
pope;0.0
authority;0.0
historically;0.0
fly;0.0
host;0.0
papal;0.0
turn leave;0.0
turn;0.0
aloof;0.0
route turn;0.0
monument;0.0
carry;0.0
cross carry;0.0
change;0.0
way continue;0.0
way continue yard;0.0
stile;0.0
point way;0.0
drama;0.0
adrenaline;0.0
share;0.0
article;0.0
there;0.0
say “;0.0
volunteer;0.0
volunteer have;0.0
group volunteer have;0.0
recommended;0.0
determine;0.0
have be;0.0
fate;0.0
waiting;0.0
equally;0.0
additional;0.0
permanent;0.0
matter;0.0
thaw;0.0
renowned;0.0
such;0.0
claim;0.0
launch;0.0
know ha;0.0
economically;0.0
context;0.0
literally;0.0
singer;0.0
meet;0.0
speak;0.0
ex-boyfriend;0.0
childhood;0.0
coolest;0.0
highest-ranked;0.0
entertainer;0.0
be highest-ranked;0.0
rapper;0.0
sue;0.0
man sue;0.0
raise;0.0
plead;0.0
srt;0.0
management;0.0
design;0.0
format;0.0
strive;0.0
english;0.0
incredibly;0.0
busy;0.0
tickets;0.0
present;0.0
amazingly;0.0
former;0.0
star;0.0
confirming;0.0
happy;0.0
reject;0.0
question;0.0
president;0.0
faith;0.0
didn;0.0
t say;0.0
oddly;0.0
enough;0.0
worries;0.0
be not;0.0
extremist;0.0
conservatives;0.0
want;0.0
nation;0.0
doesn;0.0
process;0.0
time;0.0
staff;0.0
long process;0.0
same time;0.0
have staff;0.0
operation;0.0
hour;0.0
long hour;0.0
above;0.0
fuck;0.0
push;0.0
administration;0.0
approach;0.0
range approach;0.0
regular;0.0
contact;0.0
also regular;0.0
spokesperson;0.0
declaring;0.0
slip;0.0
expect wa;0.0
expect wa most;0.0
begin;0.0
confuse;0.0
blueprint;0.0
plot;0.0
book;0.0
plan;0.0
write;0.0
nothing;0.0
plot be;0.0
say never;0.0
find plot;0.0
take plan;0.0
waters say never;0.0
plot be more;0.0
say never make;0.0
sit;0.0
chop;0.0
wood run;0.0
develop;0.0
character think;0.0
mind 's;0.0
mind 's just;0.0
pull;0.0
page see;0.0
few page see;0.0
lean;0.0
drum;0.0
guard;0.0
perfect;0.0
waters lean;0.0
finger drum;0.0
table continue;0.0
thing guard;0.0
waters lean back;0.0
articulate;0.0
thing want;0.0
book be;0.0
page want;0.0
second page want;0.0
afraid;0.0
jot;0.0
sound;0.0
down;0.0
worry;0.0
come sound;0.0
revise;0.0
throw;0.0
rewrite;0.0
page rewrite;0.0
try;0.0
force;0.0
fill;0.0
well be;0.0
require;0.0
book require;0.0
year write;0.0
crackpot make;0.0
plunge;0.0
work;0.0
feel;0.0
pop;0.0
time feel;0.0
start pop;0.0
short time feel;0.0
time feel lose;0.0
enjoy;0.0
writer enjoy;0.0
waters find;0.0
job do;0.0
satisfaction feel;0.0
real job do;0.0
little satisfaction feel;0.0
confine 're;0.0
confine 're never;0.0
bug;0.0
forget;0.0
type;0.0
manuscript be;0.0
sister type;0.0
first manuscript be;0.0
stop;0.0
rush;0.0
waters stop;0.0
inspiration have;0.0
desk write;0.0
sober see;0.0
ha be;0.0
cold sober see;0.0
rotten ha be;0.0
scrap;0.0
wa write;0.0
name wa;0.0
name wa then;0.0
produce;0.0
wa star;0.0
evolve;0.0
picture write;0.0
like;0.0
people say;0.0
richness do;0.0
richness do n't;0.0
necessitate;0.0
routine have;0.0
ask write;0.0
script necessitate;0.0
friend;0.0
author live;0.0
make friend;0.0
year make friend;0.0
instrumental have;0.0
custom be;0.0
traditional custom be;0.0
kid want;0.0
kid have;0.0
reservation get;0.0
white kid have;0.0
grow;0.0
publish;0.0
involve;0.0
case involve;0.0
concoct;0.0
save;0.0
story save;0.0
detective story save;0.0
series be;0.0
favorite series be;0.0
waters learn;0.0
epitomize;0.0
culture epitomize;0.0
american culture epitomize;0.0
break;0.0
own;0.0
expected;0.0
learning;0.0
aware;0.0
important;0.0
explore;0.0
potential;0.0
negotiation;0.0
importance;0.0
workshop have;0.0
be aware;0.0
see benefit;0.0
solve negotiation;0.0
understand importance;0.0
problem solve negotiation;0.0
obtain;0.0
attend;0.0
please;0.0
allocate;0.0
request be;0.0
circumstance be;0.0
list allocate;0.0
unforeseen circumstance be;0.0
wait list allocate;0.0
disadvantage;0.0
lose;0.0
include;0.0
u provide;0.0
member include;0.0
enable u provide;0.0
postpone;0.0
cancel;0.0
happen;0.0
tutor;0.0
reimburse;0.0
note be;0.0
ha happen;0.0
strike be;0.0
ha happen only;0.0
email;0.0
re-schedule;0.0
future email;0.0
attempt re-schedule;0.0
online apply;0.0
workshop please;0.0
one-day workshop please;0.0
login;0.0
register;0.0
event have;0.0
applicant be;0.0
successful applicant be;0.0
represent;0.0
work ’;0.0
client be;0.0
appear;0.0
post appear;0.0
post appear first;0.0
workshop give;0.0
improve;0.0
process help;0.0
prepare;0.0
gather;0.0
negotiate;0.0
grind;0.0
negotiation prepare;0.0
information need;0.0
principled negotiation prepare;0.0
negotiation prepare effectively;0.0
workshop include;0.0
exercise provide;0.0
opportunity try;0.0
practical exercise provide;0.0
agree;0.0
regret;0.0
anyone need;0.0
past agree;0.0
qualifications require;0.0
qualification be;0.0
specific qualification be;0.0
enhancement include;0.0
solution help;0.0
enhancement support;0.0
conjunction provide;0.0
source include;0.0
reduce;0.0
optimize;0.0
help reduce;0.0
environment optimize;0.0
allow;0.0
device allow;0.0
smart device allow;0.0
send;0.0
address;0.0
capability help;0.0
prepare address;0.0
say senior;0.0
gain;0.0
communication;0.0
proactive;0.0
actionable;0.0
dynamic;0.0
world;0.0
organization gain;0.0
real-time communication;0.0
more proactive;0.0
leader actionable;0.0
drive real-time communication;0.0
employ more proactive;0.0
more proactive approach;0.0
action;0.0
anticipate respond;0.0
take action;0.0
make more;0.0
platform be;0.0
solution be;0.0
vision be;0.0
contain;0.0
release contain;0.0
statement include;0.0
forward-looking statement include;0.0
base;0.0
cause;0.0
differ;0.0
imply;0.0
statement be;0.0
performance be;0.0
expectation involve;0.0
assumption cause;0.0
result differ;0.0
express imply;0.0
forward-looking statement be;0.0
future performance be;0.0
actual result differ;0.0
statement be not;0.0
result differ materially;0.0
factor see;0.0
filing make;0.0
other filing make;0.0
update;0.0
release be;0.0
law assume;0.0
obligation update;0.0
mention be;0.0
face;0.0
surround;0.0
death;0.0
circumstance surround;0.0
baby death;0.0
too;0.0
investigation;0.0
right;0.0
hospital;0.0
upset;0.0
staff hospital;0.0
birth;0.0
give birth;0.0
partner leave;0.0
baby partner leave;0.0
blood;0.0
related;0.0
petition;0.0
hope;0.0
express;0.0
cover express;0.0
still;0.0
heart;0.0
marriage work;0.0
work saw;0.0
care;0.0
day say;0.0
foster;0.0
talk;0.0
kid be;0.0
bring foster;0.0
do talk;0.0
care do talk;0.0
kid be more;0.0
snowball ’;0.0
snowball ’ ve;0.0
die;0.0
woman s;0.0
58-year-old woman s;0.0
felt;0.0
outweigh;0.0
have. say;0.0
couldn;0.0
ve have;0.0
case couldn;0.0
handle say;0.0
possibly;0.0
everything possibly;0.0
blossom;0.0
call have;0.0
recognise;0.0
accept;0.0
leader say;0.0
ability accept;0.0
child come;0.0
pass;0.0
skill have;0.0
incredible skill have;0.0
describe;0.0
woman provide;0.0
child have;0.0
incredible woman provide;0.0
place;0.0
house be;0.0
child;0.0
executive say;0.0
woman open;0.0
house child;0.0
chief executive say;0.0
extraordinary woman open;0.0
support say;0.0
unconditional support say;0.0
repair;0.0
home child;0.0
were.;0.0
funeral;0.0
celebrate;0.0
kind;0.0
world love;0.0
attend s;0.0
remember kind;0.0
wa always;0.0
wa always do;0.0
heartwarming;0.0
wa take;0.0
break get;0.0
family say;0.0
break get away;0.0
wonderful care;0.0
everybody wa;0.0
with. say;0.0
plan continue;0.0
vice;0.0
work wa;0.0
ring;0.0
dignity tell;0.0
son live;0.0
quiet dignity tell;0.0
new;0.0
door;0.0
be nothing;0.0
come home;0.0
see new;0.0
walk door;0.0
d say;0.0
face walk door;0.0
week turn;0.0
bring;0.0
family bring;0.0
way bring;0.0
same way bring;0.0
son drive;0.0
seat say;0.0
front seat say;0.0
light look;0.0
road see;0.0
wonder;0.0
story ..;0.0
confusing;0.0
become;0.0
year make;0.0
news become;0.0
few year make;0.0
wa wa;0.0
recall;0.0
justice;0.0
troop help;0.0
american troop help;0.0
release;0.0
troop have;0.0
partner help;0.0
unsavory partner help;0.0
working;0.0
topple;0.0
trigger;0.0
force have;0.0
central force have;0.0
ha make;0.0
rebel be;0.0
rebel be actually;0.0
condemn;0.0
talk say;0.0
terrorism wa;0.0
due terrorism wa;0.0
someone be;0.0
disaster be;0.0
democracy be;0.0
result be;0.0
group ha;0.0
group be;0.0
group be clearly;0.0
democracy;0.0
rig;0.0
war be;0.0
system produce;0.0
trust;0.0
refrain;0.0
strength be;0.0
religion be;0.0
organization be;0.0
one ha;0.0
competence keep;0.0
function keep;0.0
political organization be;0.0
only one ha;0.0
basic competence keep;0.0
rule;0.0
be rule;0.0
effect;0.0
stupid;0.0
rule stupid;0.0
people be;0.0
undermine;0.0
legitimacy;0.0
soon;0.0
power;0.0
supply;0.0
inferior;0.0
figure;0.0
hopeful;0.0
athlete hopeful;0.0
element be;0.0
specific;0.0
example specific;0.0
resource be;0.0
ease use;0.0
available;0.0
visit;0.0
please visit;0.0
design provide;0.0
total;0.0
two-time;0.0
gold;0.0
excite;0.0
together excite;0.0
program;0.0
non-profit;0.0
vision;0.0
align;0.0
strengthen align;0.0
world-leading;0.0
support world-leading;0.0
partnership be;0.0
body;0.0
loading;0.0
debate;0.0
ll;0.0
deputy;0.0
resolution;0.0
republican resolution;0.0
block republican resolution;0.0
photo;0.0
photo former;0.0
european;0.0
vote;0.0
disgrace vote;0.0
it.;0.0
social;0.0
don ’ t;0.0
song;0.0
sing;0.0
have song;0.0
wed;0.0
orders;0.0
surrender;0.0
inning surrender;0.0
déjà;0.0
leadoff;0.0
apparently;0.0
wa apparently;0.0
director communication;0.0
end;0.0
husband;0.0
describing;0.0
attention;0.0
celebrity attention;0.0
appearance;0.0
dressed;0.0
39-year-old;0.0
pooper 39-year-old;0.0
color;0.0
says;0.0
chance;0.0
win;0.0
22-year-old come;0.0
spokesman;0.0
originally wife;0.0
fear;0.0
allege;0.0
reportedly allege;0.0
bank;0.0
balance bank;0.0
obviously;0.0
perhaps;0.0
especially;0.0
question perhaps;0.0
bank especially;0.0
emerge market;0.0
actually;0.0
probe;0.0
regulator;0.0
part probe;0.0
gold regulator;0.0
instead gold regulator;0.0
claim part;0.0
source claim part;0.0
website note;0.0
conclude;0.0
reality;0.0
hence;0.0
localism;0.0
interest;0.0
bewilder;0.0
press;0.0
adoption;0.0
testify;0.0
set testify;0.0
typically;0.0
seem;0.0
people seem;0.0
originally;0.0
foreign;0.0
key foreign;0.0
decision be;0.0
founder;0.0
idnext;0.0
next-line;0.0
seller amount;0.16666666666666666
pay seller amount;0.25
annual;0.0
case annual;0.0
performance;0.0
certain;0.0
subject certain;0.0
uncertainty cause;0.0
uncertainty include;0.0
incorporate;0.0
yuval;0.0
inventory;0.0
complex;0.0
unfortunately;0.0
heavy;0.0
individual;0.0
shortcoming;0.0
strengthening;0.0
peacekeeping;0.0
humanitarian;0.0
broad;0.0
increasingly;0.0
ago first;0.0
beauty;0.0
surprisingly;0.0
also be;0.0
oil;0.0
fell;0.0
gouge;0.0
commodity;0.0
laissez-faire;0.0
clear laissez-faire;0.0
permafrost thaw;0.0
high-level;0.0
other high-level;0.0
all-too-real;0.0
purely;0.0
clear;0.0
concern;0.0
xi;0.0
anyone;0.0
serve;0.0
be serve;0.0
govern;0.0
cloud;0.0
unique;0.0
success;0.0
core success;0.0
currently;0.0
democratic;0.0
easy;0.0
military;0.0
afterwards;0.0
defence;0.0
embrace;0.0
case;0.0
await;0.0
notebook;0.0
seventy-eight-year-old;0.0
hundreds;0.0
solicitor;0.0
mainly;0.0
be mainly;0.0
qsr;0.0
rate;0.0
asset;0.0
further asset;0.0
syief;0.0
strong;0.0
gradual;0.0
given gradual;0.0
moreover;0.0
waning;0.0
print;0.0
persistency;0.0
lower;0.0
pbsff;0.0
confrontations;0.0
kid;0.0
peer;0.0
series;0.0
wildly;0.0
recipe;0.0
life;0.0
local;0.0
short;0.0
stop short;0.0
aren;0.0
hear;0.0
commend;0.0
confront;0.0
brutal;0.0
device;0.0
own device;0.0
progress;0.0
fortunately;0.0
month;0.0
only month;0.0
exports;0.0
film be;0.0
embed;0.0
alongside;0.0
film;0.0
explain;0.0
late;0.0
play late;0.0
extraordinary;0.0
choose;0.0
investigate;0.0
car;0.0
be investigate;0.0
pilot;0.0
crash;0.0
crash pilot;0.0
plane crash;0.0
pilot wife;0.0
plane crash pilot;0.0
plane;0.0
small plane;0.0
sister;0.0
shoot sister;0.0
lane;0.0
attack;0.0
passenger;0.0
updated;0.0
bus;0.0
suspend be;0.0
passenger updated;0.0
passenger updated 2015-09-01;0.0
driver;0.0
bus driver;0.0
local high;0.0
visit local high;0.0
inside;0.0
recover;0.0
baby inside;0.0
search;0.0
woman;0.0
custody;0.0
police woman;0.0
suspect custody;0.0
police woman shoot;0.0
volunteers;0.0
shift;0.0
books;0.0
wish give;0.0
invite;0.0
woman be;0.0
notice be;0.0
woman be only;0.0
increase;0.0
speaker be;0.0
woman have;0.0
few speaker be;0.0
reason think;0.0
noble reason think;0.0
front ’;0.0
boy be;0.0
boy be there;0.0
men have;0.0
veteran say;0.0
duty be;0.0
catch;0.0
woman get;0.0
get catch;0.0
backtrack;0.0
opposed;0.0
leader have;0.0
membership do;0.0
many membership do;0.0
minute show;0.0
away;0.0
soldier;0.0
yearbook say;0.0
be away;0.0
break soon;0.0
be away country;0.0
break soon get;0.0
have long;0.0
wa force;0.0
say press;0.0
have long express;0.0
husband get;0.0
suffer;0.0
election suffer;0.0
issue have;0.0
political issue have;0.0
issue have n't;0.0
reveal;0.0
office;0.0
article reveal;0.0
franchise be;0.0
limited franchise be;0.0
franchise be very;0.0
catch be;0.0
many catch be;0.0
hide;0.0
lesser;0.0
have find;0.0
trick give;0.0
leader wa;0.0
way let;0.0
men vote;0.0
fight men vote;0.0
marry;0.0
month be;0.0
claing;0.0
lie;0.0
narrative;0.0
cover;0.0
furies cover;0.0
suffragists cover;0.0
canadian suffragists cover;0.0
warn;0.0
book happen;0.0
wa meet;0.0
woman live;0.0
many woman live;0.0
woman live there;0.0
float;0.0
claim wa;0.0
one float;0.0
eat;0.0
campaign get;0.0
proportion be;0.0
high proportion be;0.0
nursing;0.0
having;0.0
wondering;0.0
day have;0.0
boob be;0.0
endless day have;0.0
boob be ever;0.0
harm;0.0
tell be;0.0
body be;0.0
own body be;0.0
preying;0.0
campaign be;0.0
campaign be silly;0.0
problem be;0.0
wrack;0.0
picture be;0.0
earth be;0.0
time make;0.0
reality be;0.0
breastfeeding;0.0
struggle;0.0
baby be;0.0
nurse;0.0
expect;0.0
suppose;0.0
meal think;0.0
healthy meal think;0.0
slab;0.0
tie;0.0
baby try;0.0
first baby try;0.0
paternity leave;0.0
long paternity leave;0.0
mum worry;0.0
new mum worry;0.0
mum worry about;0.0
hit;0.0
kid have n't;0.0
ditch;0.0
scaremongering;0.0
mum focus;0.0
new mum focus;0.0
oversee;0.0
midwife oversee;0.0
thing eat;0.0
burger be;0.0
only thing eat;0.0
advocate;0.0
grab;0.0
apple be;0.0
overhaul;0.0
time overhaul;0.0
diet become;0.0
whilst 're;0.0
swallow;0.0
pill swallow;0.0
concern 're;0.0
way help;0.0
period doe;0.0
year be;0.0
encourage;0.0
pharmacy ask;0.0
local pharmacy ask;0.0
debate be;0.0
debate be no;0.0
miracle find;0.0
gorge;0.0
live 'm;0.0
much live 'm;0.0
live 'm not;0.0
bland;0.0
salad be;0.0
salad be n't;0.0
roast;0.0
potato;0.0
prepare once;0.0
prepare once 've;0.0
alternate;0.0
deserve;0.0
surviving;0.0
blog surviving;0.0
perform;0.0
straddle;0.0
sacred;0.0
scene go;0.0
s “;0.0
album straddle;0.0
line sacred;0.0
double-platinum album straddle;0.0
spawn;0.0
is;0.0
debut;0.0
hit live;0.0
spark;0.0
typical;0.0
three-minute;0.0
gold spark;0.0
radio hit;0.0
provided;0.0
knows;0.0
discus;0.0
receive;0.0
miscarriage;0.0
photo provided;0.0
album ”;0.0
record knows;0.0
comfort say;0.0
time lose;0.0
year lose;0.0
baby miscarriage;0.0
new record knows;0.0
recent year lose;0.0
tickets s;0.0
locate;0.0
coordinate;0.0
relate;0.0
strain;0.0
czar coordinate;0.0
reflect;0.0
comply;0.0
committee say;0.0
appointment reflect;0.0
admission have;0.0
admission have not;0.0
adding;0.0
compliance;0.0
bureaucracy address;0.0
arrangement mean;0.0
proof be;0.0
officials say;0.0
revamp;0.0
effort revamp;0.0
major effort revamp;0.0
prevent;0.0
enter;0.0
lead;0.0
time show;0.0
terrorist enter;0.0
future lead;0.0
retire;0.0
post wa;0.0
application follow;0.0
air have;0.0
travel;0.0
attempt travel;0.0
attempt travel abroad;0.0
month have;0.0
past month have;0.0
investigation say;0.0
bureau;0.0
vet;0.0
addition bureau;0.0
personnel have;0.0
lawsuit keep;0.0
other personnel have;0.0
various lawsuit keep;0.0
personnel have also;0.0
request;0.0
department be;0.0
meet request;0.0
pile;0.0
requests be;0.0
requests be also;0.0
task;0.0
addition investigate;0.0
ha task;0.0
say take;0.0
official say take;0.0
be n't;0.0
be n't cooperate;0.0
document;0.0
redact;0.0
classify;0.0
meet document;0.0
process ha;0.0
failure redact;0.0
information include;0.0
say be;0.0
sensitive information include;0.0
personnel vet;0.0
classification upgrade;0.0
seek;0.0
balance;0.0
ensure;0.0
try ensure;0.0
deficit;0.0
quota set;0.0
hop;0.0
say hop;0.0
appointment give;0.0
official say hop;0.0
clean;0.0
tape need;0.0
red tape need;0.0
cross;0.0
cut;0.0
someone cross;0.0
bureau get;0.0
information clear;0.0
information clear soon;0.0
volume be;0.0
volume be not;0.0
triple;0.0
official say;0.0
document have;0.0
office process;0.0
small office process;0.0
request ha;0.0
request ha not;0.0
overwhelm;0.0
resourced;0.0
view be;0.0
process be;0.0
process want;0.0
sclerotic process want;0.0
ha be fairly;0.0
implement;0.0
system;0.0
addition ensure;0.0
document be;0.0
manner be;0.0
sector implement;0.0
improve system;0.0
timely manner be;0.0
private sector implement;0.0
technology improve system;0.0
annoy;0.0
department ha;0.0
prompt;0.0
part ha;0.0
server have;0.0
add be;0.0
servant have;0.0
official add be;0.0
public servant have;0.0
add be also;0.0
call;0.0
drag;0.0
accuse;0.0
chair have;0.0
dedicate;0.0
resolve;0.0
agency be;0.0
request expect;0.0
fashion say;0.0
rapid fashion say;0.0
reason ’;0.0
reason ’ m;0.0
growing;0.0
football;0.0
be ironic;0.0
graduate;0.0
mother ’;0.0
class graduate;0.0
co-ed class graduate;0.0
weren;0.0
thanksgiving have;0.0
game weren;0.0
spend;0.0
remember;0.0
name become;0.0
time remember;0.0
degree;0.0
order spend;0.0
time have;0.0
job work;0.0
teach;0.0
coach;0.0
return;0.0
itch get;0.0
coach say;0.0
itch get back;0.0
principal spend;0.0
assistant principal spend;0.0
fall become;0.0
question ’;0.0
rank;0.0
serf;0.0
student;0.0
s student;0.0
year s student;0.0
school offer;0.0
student graduate;0.0
mean student graduate;0.0
student graduate much;0.0
gift;0.0
meet discus;0.0
school be;0.0
secret school be;0.0
guy;0.0
job.;0.0
tradition;0.0
understand;0.0
different;0.0
cat.;0.0
repeatedly;0.0
be stay;0.0
let guy;0.0
freshman “;0.0
here understand;0.0
table repeatedly;0.0
here understand be;0.0
alumnus have;0.0
you. ”;0.0
minorities make;0.0
environment feel;0.0
daughter –;0.0
wife be;0.0
this.;0.0
unassuming;0.0
position do;0.0
notepad ’;0.0
someone;0.0
top ’;0.0
inspire someone;0.0
interview ’ s;0.0
faith say;0.0
everything come;0.0
faith make;0.0
reason be;0.0
search do;0.0
nationwide search do;0.0
humility;0.0
be humility;0.0
quality be humility;0.0
seriously.;0.0
mention;0.0
very seriously.;0.0
journey prestigious;0.0
scant mention;0.0
take very seriously.;0.0
make scant mention;0.0
very seriously. ”;0.0
loath;0.0
principal seem;0.0
principal seem mystify;0.0
re;0.0
search become;0.0
nationwide search become;0.0
tour;0.0
house say;0.0
property 're;0.0
multiple property 're;0.0
approve;0.0
palardy say;0.0
official get;0.0
board approve;0.0
consider;0.0
town ha;0.0
unit be;0.0
rental unit be;0.0
transform;0.0
property wa;0.0
market say;0.0
property wa n't;0.0
hint;0.0
sale say;0.3333333333333333
pursuit hint;0.0
something do;0.0
new pursuit hint;0.0
couple sell;0.16666666666666666
extend;0.0
fire extend;0.0
roof say;0.0
heavy fire extend;0.0
roof say earlier;0.0
inquiry say;0.0
several inquiry say;0.0
relocate;0.0
residents have;0.0
house be not;0.0
convert;0.0
property convert;0.0
entertain;0.0
place 're;0.0
couple be;0.0
property be;0.0
employee be;0.0
employee be still;0.0
operate;0.0
wa know;0.0
elect;0.0
wake;0.0
minister elect;0.0
promise focus;0.0
prime minister elect;0.0
label;0.0
opposition wa;0.0
mansion wa;0.0
pink mansion wa;0.0
convulse;0.0
backroom;0.0
shake;0.0
public;0.0
leader be;0.0
ha recent;0.0
be convulse;0.0
have shake;0.0
instability ha recent;0.0
year be convulse;0.0
depose;0.0
mandate depose;0.0
strong mandate depose;0.0
reporting;0.0
dollar reporting;0.0
oust;0.0
vote oust;0.0
entrepreneur be;0.0
entrepreneur be hugely;0.0
prosperity;0.0
reporter;0.0
optimism be;0.0
ensure prosperity;0.0
fill optimism be;0.0
cope;0.0
poll show;0.0
struggle cope;0.0
turnbull;0.0
widely;0.0
statement;0.0
medium;0.0
single statement;0.0
corbynites;0.0
paper believe;0.0
rightwing;0.0
dealing be;0.0
engage;0.0
wa engage;0.0
sweat;0.0
guarantee;0.0
sophomore;0.0
side;0.0
super-state senior;0.0
victory become;0.0
6-foot-2;0.0
be final;0.0
caveat;0.0
introduce find;0.0
order here;0.0
big caveat;0.0
kit 's also;0.0
have such;0.0
nice thing;0.0
family people;0.0
have family people;0.0
refrigerator;0.0
lot;0.0
example;0.0
flavor;0.0
different flavor;0.0
setting;0.0
point;0.0
good;0.0
tutorial get;0.0
graphical;0.0
object;0.0
similar object;0.0
foray;0.0
free;0.0
simple;0.0
create simple;0.0
system create simple;0.0
eclipse;0.0
class;0.0
be class;0.0
compiler;0.0
audience;0.0
teen;0.0
firmly;0.0
chairwoman firmly;0.0
labor-intensive;0.0
s labor-intensive;0.0
shrug call;0.0
honest;0.0
hot;0.0
news;0.0
conservative;0.0
force s;0.0
help force s;0.0
run “;0.0
ha run “;0.0
comment;0.0
recent comment;0.0
insist;0.0
few state;0.0
ordinance;0.0
local ordinance;0.0
type think;0.0
holdout;0.0
surprise;0.0
presidential;0.0
socially;0.0
french;0.0
town;0.0
folk town;0.0
behoove;0.0
forum;0.0
board;0.0
member help;0.0
special ha;0.0
particular;0.0
anytime have;0.0
everything;0.0
pryor;0.0
definitely;0.0
back;0.0
past;0.0
look back;0.0
ab;0.0
hibernate;0.0
http;0.0
m go;0.0
family;0.0
develop program;0.0
goal be;0.0
raise.me;0.0
radio;0.0
ey;0.0
australian release;0.0
be continue;0.0
formal;0.0
be formal;0.0
cap;0.0
look cap;0.0
director;0.0
government;0.0
following;0.0
uncle be;0.0
finish raise;0.0
child do;0.0
same finish raise;0.0
righteous child do;0.0
climb;0.0
escape;0.0
rope climb;0.0
window escape;0.0
child love;0.0
open window escape;0.0
rise;0.0
dust;0.0
u “;0.0
destiny be;0.0
time rise;0.0
token be;0.0
weakness be;0.0
same token be;0.0
give weakness be;0.0
destiny be not;0.0
time rise up;0.0
prophet write;0.0
men come;0.0
ancient prophet write;0.0
humble;0.0
grace be;0.0
men humble;0.0
humble grace be;0.0
sufficient men humble;0.0
unto;0.0
me—the;0.0
message;0.0
show unto;0.0
bringeth me—the;0.0
beautiful message;0.0
hand be;0.0
hand be so;0.0
fight;0.0
purpose fight;0.0
purpose fight back;0.0
suck;0.0
leaf;0.0
ourselves leaf;0.0
theater use;0.0
statement have;0.0
friend saw;0.0
over;0.0
phrase help;0.0
adversary over;0.0
enemy be;0.0
leader keep;0.0
religious leader keep;0.0
stand;0.0
ephesians say;0.0
love u;0.0
keep faith;0.0
friend love u;0.0
thy;0.0
order provide;0.0
faithful;0.0
remain.;0.0
tear;0.0
change faithful;0.0
page sing;0.0
month wa;0.0
message receive;0.0
last month wa;0.0
tempt;0.0
message be;0.0
everyone tempt;0.0
weakness know;0.0
u weakness know;0.0
weakness know best;0.0
able;0.0
physical;0.0
manifestation;0.0
scar;0.0
be physical;0.0
u down;0.0
debilitate scar;0.0
beat be not;0.0
drag u down;0.0
be not best;0.0
offence commit;0.0
girlfriend lose;0.0
pointing;0.0
insurance say;0.0
third-party insurance say;0.0
address s;0.0
man have;0.0
student commit;0.0
teenage student commit;0.0
swerve;0.0
mount;0.0
midnight lose;0.0
car cause;0.0
fling;0.0
friend have;0.0
men be;0.0
today wa;0.0
reveal have;0.0
drug include;0.0
effect include;0.0
speed;0.0
court have;0.0
wa part;0.0
fact wa;0.0
drug be;0.0
precious;0.0
investment;0.0
countless;0.0
be precious;0.0
perform task;0.0
shouldn ’;0.0
be do;0.0
t be do;0.0
strategy include;0.0
efficiency be;0.0
most important;0.0
details.3 driving;0.0
objective –;0.0
most important growth;0.0
boost;0.0
outsource;0.0
intend show;0.0
size boost;0.0
technique make;0.0
delegate outsource;0.0
problem-solving technique make;0.0
kick;0.0
building;0.0
webcast building;0.0
efficiency drive;0.0
advisors register;0.0
workshop explore;0.0
regional workshop explore;0.0
workshop take;0.0
place follow;0.0
first workshop take;0.0
running;0.0
paper running;0.0
business show;0.0
perspective paper running;0.0
efficient business show;0.0
tdameritrade.com;0.0
businessperformance tdameritrade.com;0.0
firm be;0.0
unaffiliated firm be;0.0
firm be not;0.0
team allow;0.0
advisor run;0.0
avoiding;0.0
advisor take;0.0
responsibility spend;0.0
advisor turn;0.0
education make;0.0
decide;0.0
client want;0.0
control help;0.0
recognize;0.0
reserve;0.0
right reserve;0.0
source right reserve;0.0
ria;0.0
top-line;0.0
management set;0.0
priority be;0.0
show ria;0.0
improve top-line;0.0
firm improve top-line;0.0
operation achieve;0.0
streamline operation achieve;0.0
tracking;0.0
track;0.0
program track;0.0
time devote;0.0
much time devote;0.0
evaluate;0.0
advisor better;0.0
time evaluate;0.0
scrutinize;0.0
doing;0.0
incoming;0.0
leaving;0.0
unfinished;0.0
identify;0.0
advisor scrutinize;0.0
day find;0.0
trap doing;0.0
task be;0.0
socialize incoming;0.0
travel ’;0.0
productivity-killers be;0.0
advisor improve;0.0
role say;0.0
task unfinished;0.0
advisor identify;0.0
distraction create;0.0
plan make;0.0
focus more;0.0
much socialize incoming;0.0
many productivity-killers be;0.0
much advisor identify;0.0
task unfinished not;0.0
arise;0.0
ability;0.0
overall;0.0
distraction arise;0.0
life become;0.0
accomplish goal;0.0
be first;0.0
increase overall;0.0
daily life become;0.0
specify;0.0
number;0.0
office have;0.0
time turn;0.0
example consider;0.0
reserve specify;0.0
visitors. be;0.0
do more;0.0
inspire look;0.0
hard time turn;0.0
people be frequently;0.0
time turn away;0.0
customer service;0.0
generate customer order;0.0
cancel insufficient-stock order;0.0
customer service;0.0
customer service;0.0
generate customer order;0.0
local stock control;0.0
customer order delivery;0.0
sale register;0.3333333333333333
sales statistics;0.0
customer service;0.0
generate customer order;0.0
local stock control;0.0
customer order delivery;0.0
sale register;0.3333333333333333
home sale delivery;0.5
customer service;0.0
generate customer order;0.0
local stock control;0.0
customer order delivery;0.0
billing custom sale;1.0
customer service;0.0
generate customer order;0.0
local stock control;0.0
complete customer order;0.0
remote stock control;0.0
emit customer quotation;0.0
customer service;0.0
generate customer order;0.0
local stock control;0.0
complete customer order;0.0
remote stock control;0.0
emit customer quotation;0.0
cancel customer order;0.0
customer service;0.0
generate customer order;0.0
local stock control;0.0
complete customer order;0.0
remote stock control;0.0
emit customer quotation;0.0
customer order delivery;0.0
sale register;0.3333333333333333
sales statistics;0.0
home sale delivery;0.5
be;0.0
reach;0.0
advertise be;0.0
spend be;0.0
project reach;0.0
receive type;0.0
mobile advertise be;0.0
see;0.0
ask;0.0
respond;0.0
consumer have;0.0
tap;0.0
person s;0.0
brain —;0.0
conscious brain —;0.0
expend;0.0
activity according;0.0
activity be;0.0
devote;0.0
developing;0.0
require tap;0.0
impression require tap;0.0
neurological activity be;0.0
activity be readily;0.0
eye-tracking;0.0
company be;0.0
extending;0.0
technology work;0.0
predict;0.0
page;0.0
deploy;0.0
feature eye-tracking;0.0
software page;0.0
software page down;0.0
assuage;0.0
company develop;0.0
technology require;0.0
analyse;0.0
resource do;0.0
agency have;0.0
resource do advertiser;0.0
interest consider;0.0
hover;0.0
equivalent hover;0.0
mobile be;0.0
screen pull;0.0
screen pull actually;0.0
signal;0.0
action know;0.0
ios be;0.0
ios be not;0.0
improving;0.0
demand;0.0
role;0.0
ecosystem continue;0.0
publisher benefit;0.0
ad be simply;0.0
benefit;0.0
impression have;0.0
value be;0.0
value be only;0.0
shouldn;0.0
waste;0.0
discount;0.0
impressions shouldn;0.0
t be;0.0
show;0.0
influence;0.0
study show;0.0
impression influence;0.0
platform;0.0
analytics platform;0.0
ad be;0.0
certain ad be;0.0
video;0.0
view;0.0
viewability be;0.0
be view;0.0
need;0.0
help;0.0
gauge;0.0
mean;0.0
technique be;0.0
industry gauge;0.0
impression mean;0.0
viewable impression mean;0.0
flaw;0.0
measurement be;0.0
earn;0.0
rat;0.0
provide;0.0
faf have;0.0
broker rat;0.0
broker provide;0.0
american faf have;0.0
average broker rat;0.0
top;0.0
company report;0.0
quarter top;0.0
post;0.0
firm post;0.0
compare;0.0
business earn;0.0
quarter compare;0.0
revenue wa;0.0
revenue wa up;0.0
anticipate;0.0
analyst anticipate;0.0
disclose;0.0
dividend wa;0.0
quarterly dividend wa;0.0
issue;0.0
record be;0.0
annualized;0.0
represent annualized;0.0
give;0.0
analyst have;0.0
recommendation have;0.0
hold recommendation have;0.0
occur;0.0
news sell;0.16666666666666666
company ’;0.0
transaction occur;0.0
american news sell;0.0
wa disclose;0.0
file be;0.0
legal file be;0.0
downgrade;0.0
faf be;0.0
american faf be;0.0
subsidiary be;0.0
stock;0.0
add;0.0
probably;0.0
skipper;0.0
bite;0.0
fit;0.0
empathize;0.0
e-mail;0.0
journalist;0.0
announce;0.0
admit;0.0
piece;0.0
way respond;0.0
attentive;0.0
story be;0.0
story;0.0
mobile;0.0
application;0.0
far;0.0
shoe;0.0
several;0.0
so far;0.0
have other;0.0
do have other;0.0
charity;0.0
wa be;0.0
someone ask;0.0
time someone ask;0.0
bath;0.0
salt be;0.0
police;0.0
organise;0.0
from;0.0
couple;0.0
inspire;0.0
story inspire;0.0
word;0.0
be word;0.0
um wa;0.0
event;0.0
welcome;0.0
bigger;0.0
city;0.0
area;0.0
sign;0.0
t know;0.0
lady;0.0
smaller;0.0
steadfastly;0.0
chief;0.0
read chief;0.0
long-term;0.0
indeed;0.0
really;0.0
later really;0.0
detective;0.0
even admit;0.0
personally;0.0
luck;0.0
be luck;0.0
history;0.0
bite history;0.0
intrigue;0.0
hard;0.0
fascinate;0.0
course film;0.0
instance;0.0
exactly;0.0
necessarily;0.0
here;0.0
survivor;0.0
well;0.0
based;0.0
train;0.0
nuclear;0.0
wa train;0.0
finance;0.0
service-support;0.0
premier service-support;0.0
admire;0.0
sometimes;0.0
wasn;0.0
international;0.0
call international;0.0
significantly;0.0
trademarks;0.0
pc;0.0
shoot;0.0
emerge happy;0.0
commit;0.0
duty;0.0
next day;0.0
collapse;0.0
life be;0.0
ever didn;0.0
change ever didn;0.0
hero;0.0
pair;0.0
oriental;0.0
mare;0.0
dress;0.0
information involve;0.0
forward-looking information involve;0.0
proceed;0.0
sale;0.16666666666666666
information;0.0
more information;0.0
survive;0.0
affiliate survive;0.0
counting;0.0
transgender;0.0
outfit;0.0
occasion;0.0
whole;0.0
often;0.0
hallquist;0.0
christine;0.0
stay friend;0.0
neighbour;0.0
real name;0.0
concern “;0.0
main;0.0
voice;0.0
be main;0.0
have turn;0.0
community;0.0
international community;0.0
agreement;0.0
be get;0.0
oneness;0.0
get people;0.0
force u;0.0
be force u;0.0
alliance;0.0
beast;0.0
so take;0.0
empire;0.0
coffee empire;0.0
standard;0.0
bar;0.0
variety;0.0
feature variety;0.0
fyi;0.0
appropriate;0.0
duo;0.0
dashing duo;0.0
seem be;0.0
unload;0.0
spot unload;0.0
forward-looking information;0.0
also include;0.0
forward-looking;0.0
generally forward-looking;0.0
information be;0.0
actual;0.0
uncertainty other;0.0
forward-looking information be;0.0
reasonable;0.0
estimate;0.0
base reasonable;0.0
be base reasonable;0.0
belief;0.0
reflect such;0.0
expectation reflect such;0.0
team;0.0
collaboratively;0.0
work collaboratively;0.0
was;0.0
citing;0.0
lift;0.0
contempt;0.0
certainly;0.0
recently;0.0
license;0.0
not issue;0.0
marriage license;0.0
chairman;0.0
beacon;0.0
only beacon;0.0
club have;0.0
given side;0.0
oscillate;0.0
trademark;0.0
defiance;0.0
manager;0.0
offering trademark;0.0
evidence;0.0
venue;0.0
say appear;0.0
guest;0.0
numerous;0.0
depression;0.0
convince;0.0
be convince;0.0
sixty-one;0.0
lucky;0.0
feel lucky;0.0
spring;0.0
daughter;0.0
withdrawal;0.0
wa hospital;0.0
realise;0.0
chair;0.0
disorder;0.0
senator;0.0
pelosi-ism;0.0
original;0.0
semi-final;0.0
dream;0.0
angel;0.0
almost;0.0
record;0.0
grandpa;0.0
crack;0.0
bone;0.0
key;0.0
musical;0.0
be musical;0.0
era;0.0
be so;0.0
half-scottish;0.0
ice;0.0
gradually;0.0
album radio;0.0
album radio much;0.0
mess;0.0
motorway;0.0
travelling;0.0
fifty;0.0
giant;0.0
slowly;0.0
sadly;0.0
woman grab;0.0
opponent;0.0
melody;0.0
given;0.0
replay wa;0.0
agonise;0.0
fortune;0.0
seek fortune;0.0
newspaper;0.0
wan;0.0
reiterate;0.0
ing;0.0
traveling;0.0
aircraft also;0.0
however aircraft also;0.0
indicate military;0.0
reports indicate military;0.0
ultimate;0.0
intelligence;0.0
official;0.0
challenge;0.0
maintain;0.0
presence;0.0
fall point;0.0
authorities;0.0
commitment;0.0
longtime;0.0
urge;0.0
helicopters be;0.0
commuter;0.0
service local;0.0
manhunt;0.0
heavily;0.0
lookout;0.0
join search;0.0
sniper lookout;0.0
reports;0.0
32-year;0.0
suggest wa;0.0
helicopter be;0.0
dismiss;0.0
anticipatory;0.0
investigations be;0.0
apt;0.0
price;0.0
magazine “;0.0
magazine/pa;0.0
cusp;0.0
transformation;0.0
freedom;0.0
expression;0.0
curtail freedom;0.0
joint;0.0
arrive;0.0
meal;0.0
sit meal;0.0
week;0.0
purpose;0.0
mission;0.0
memory s;0.0
food;0.0
importance food;0.0
dad;0.0
effectively;0.0
few;0.0
sick;0.0
child be;0.0
more “;0.0
help child;0.0
drug;0.0
nevertheless;0.0
law;0.0
pharmacy;0.0
compound pharmacy;0.0
do be;0.0
voluntary;0.0
registration be;0.0
medical;0.0
doctor;0.0
have;0.0
find;0.0
compound;0.0
pharmaceutical;0.0
manufacturer;0.0
medication pharmaceutical;0.0
note;0.0
prescription;0.0
most prescription;0.0
yet;0.0
most;0.0
god-fearing;0.0
self-employed;0.0
love;0.0
play;0.0
friendship;0.0
thing;0.0
start;0.0
little;0.0
flesh;0.0
yahoo.co.ukwilliam;0.0
cute;0.0
be cute;0.0
tribe.reach;0.0
mattwilliam1252;0.0
recipes be;0.0
tell u;0.0
today;0.0
quite;0.0
possible;0.0
due;0.0
fact;0.0
secret;0.0
review;0.0
transition review;0.0
convenient transition review;0.0
put;0.0
way;0.0
tendency;0.0
difficult;0.0
solve;0.0
natural;0.0
say;0.0
year;0.0
remind;0.0
problem;0.0
not;0.0
result;0.0
think;0.0
do;0.0
same;0.0
tremendous;0.0
first;0.0
next;0.0
mutual;0.0
so;0.0
contrary;0.0
especially so;0.0
analyst;0.0
course analyst;0.0
experience;0.0
long;0.0
entirely;0.0
market;0.0
index;0.0
only;0.0
general market;0.0
contrarian;0.0
representation;0.0
well-known;0.0
refresh;0.0
final;0.0
do not;0.0
state;0.0
differences;0.0
further state;0.0
conclude be;0.0
marriage;0.0
commercial;0.0
same-sex;0.0
collins;0.0
fall;0.0
n't;0.0
hold;0.0
seem hold;0.0
report;0.0
senior;0.0
chat;0.0
jailed;0.0
lawyer jailed;0.0
read;0.0
wa;0.0
even;0.0
extremism;0.0
ironic;0.0
also;0.0
achieve;0.0
actually achieve;0.0
witch;0.0
trial;0.0
answer;0.0
reason;0.0
name;0.0
get;0.0
just;0.0
attempt;0.0
grasp;0.0
writer;0.0
nefas;0.0
go;0.0
character;0.0
upgrade;0.0
focus;0.0
defendant focus;0.0
go defendant focus;0.0
age;0.0
girl;0.0
many;0.0
conspiracy;0.0
rape conspiracy;0.0
national;0.0
sentence;0.0
sentencing;0.0
head;0.0
now;0.0
game;0.0
3-and-out;0.0
wa start;0.0
hold 3-and-out;0.0
drive;0.0
stall drive;0.0
finally;0.0
follow;0.0
people;0.0
be people;0.0
grace;0.0
oral;0.0
tell;0.0
live;0.0
come;0.0
set;0.0
create;0.0
entire;0.0
doe;0.0
know;0.0
together;0.0
let;0.0
something;0.0
listen;0.0
supporter;0.0
deal;0.0
iranian;0.0
eliminate;0.0
partner ”;0.0
agreement iranian;0.0
remind u;0.0
view “;0.0
enemy;0.0
learn;0.0
apply;0.0
look;0.0
amount;0.0
debt;0.0
credit;0.0
current;0.0
better;0.0
country have;0.0
best;0.0
known best;0.0
wall;0.0
stunning;0.0
wonderful;0.0
relaxing;0.0
fish;0.0
run;0.0
youngish;0.0
be run;0.0
hatchery be run;0.0
yes;0.0
saw;0.0
improvised;0.0
driving;0.0
country;0.0
keep;0.0
open;0.0
going;0.0
much;0.0
farm;0.0
washing;0.0
afternoon;0.0
very;0.0
remain;0.0
saw remain;0.0
ruins;0.0
other;0.0
huge;0.0
use;0.0
assume;0.0
move;0.0
last;0.0
according;0.0
account;0.0
late account;0.0
large;0.0
latest;0.0
auditor;0.0
banker;0.0
contacted;0.0
allegation;0.0
questions;0.0
swapping;0.0
australian;0.0
major;0.0
ha;0.0
refuse;0.0
money;0.0
malaysian;0.0
ready;0.0
wa ready;0.0
then;0.0
rancid;0.0
instead;0.0
make;0.0
copy;0.0
reread;0.0
ever;0.0
fifth;0.0
absence;0.0
more;0.0
father;0.0
most father;0.0
cent;0.0
ten;0.0
only ten;0.0
parental;0.0
leave;0.0
father say;0.0
pay;0.0
minimum;0.0
act;0.0
once;0.0
true;0.0
say n't;0.0
be true;0.0
workplace;0.0
fathers;0.0
partner;0.0
dad partner;0.0
scheme;0.0
concept;0.0
being;0.0
desire;0.0
canadian;0.0
support;0.0
previously;0.0
division ha;0.0
usually;0.0
join;0.0
s join;0.0
tough;0.0
recent;0.0
member;0.0
however;0.0
third;0.0
again;0.0
wa go;0.0
block;0.0
run play;0.0
take;0.0
man;0.0
lifeguards;0.0
lifeguard;0.0
lifeguard say;0.0
hadn;0.0
biggest;0.0
endure;0.0
closer;0.0
never;0.0
maybe;0.0
part;0.0
company;0.0
stock be;0.0
ray;0.0
wife;0.0
fan;0.0
don;0.0
editor;0.0
realize;0.0
granted;0.0
truth;0.0
stay;0.0
fundraise;0.0
build;0.0
ha build;0.0
sanders;0.0
element;0.0
be element;0.0
month ha;0.0
primary;0.0
democratic primary;0.0
fan have;0.0
restaurant;0.0
pancakes;0.0
mcgriddles;0.0
sites;0.0
vintage;0.0
briefcase;0.0
style;0.0
classic briefcase;0.0
close;0.0
appreciate;0.0
socialism;0.0
does;0.0
frankly;0.0
students;0.0
western;0.0
economy;0.0
generally;0.0
buy;0.08333333333333333
sell;0.08333333333333333
real;0.0
day age;0.0
co-founded;0.0
offer;0.0
prestigious;0.0
most prestigious;0.0
designee;0.0
goal;0.0
be provide;0.0
estate;0.0
real estate;0.0
day;0.0
addition;0.0
govision;0.0
comprise;0.0
baby;0.0
believe;0.0
service;0.0
boy;0.0
pain;0.0
high;0.0
meanwhile;0.0
responsibility;0.0
sticky;0.0
place sticky;0.0
app;0.0
always;0.0
not be;0.0
pointer;0.0
religious;0.0
executive;0.0
intend;0.0
political;0.0
intimidate;0.0
continue;0.0
consume;0.0
home;0.0
wildfire consume;0.0
10-minute;0.0
juan;0.0
watch;0.0
catholics;0.0
pope;0.0
authority;0.0
historically;0.0
fly;0.0
host;0.0
papal;0.0
turn leave;0.0
turn;0.0
aloof;0.0
route turn;0.0
monument;0.0
carry;0.0
cross carry;0.0
change;0.0
way continue;0.0
way continue yard;0.0
stile;0.0
point way;0.0
drama;0.0
adrenaline;0.0
share;0.0
article;0.0
there;0.0
say “;0.0
volunteer;0.0
volunteer have;0.0
group volunteer have;0.0
recommended;0.0
determine;0.0
have be;0.0
fate;0.0
waiting;0.0
equally;0.0
additional;0.0
permanent;0.0
matter;0.0
thaw;0.0
renowned;0.0
such;0.0
claim;0.0
launch;0.0
know ha;0.0
economically;0.0
context;0.0
literally;0.0
singer;0.0
meet;0.0
speak;0.0
ex-boyfriend;0.0
childhood;0.0
coolest;0.0
highest-ranked;0.0
entertainer;0.0
be highest-ranked;0.0
rapper;0.0
sue;0.0
man sue;0.0
raise;0.0
plead;0.0
srt;0.0
management;0.0
design;0.0
format;0.0
strive;0.0
english;0.0
incredibly;0.0
busy;0.0
tickets;0.0
present;0.0
amazingly;0.0
former;0.0
star;0.0
confirming;0.0
happy;0.0
reject;0.0
question;0.0
president;0.0
faith;0.0
didn;0.0
t say;0.0
oddly;0.0
enough;0.0
worries;0.0
be not;0.0
extremist;0.0
conservatives;0.0
want;0.0
nation;0.0
doesn;0.0
process;0.0
time;0.0
staff;0.0
long process;0.0
same time;0.0
have staff;0.0
operation;0.0
hour;0.0
long hour;0.0
above;0.0
fuck;0.0
push;0.0
administration;0.0
approach;0.0
range approach;0.0
regular;0.0
contact;0.0
also regular;0.0
spokesperson;0.0
declaring;0.0
slip;0.0
expect wa;0.0
expect wa most;0.0
begin;0.0
confuse;0.0
blueprint;0.0
plot;0.0
book;0.0
plan;0.0
write;0.0
nothing;0.0
plot be;0.0
say never;0.0
find plot;0.0
take plan;0.0
waters say never;0.0
plot be more;0.0
say never make;0.0
flow;0.0
sit;0.0
chop;0.0
wood run;0.0
develop;0.0
character think;0.0
mind 's;0.0
mind 's just;0.0
pull;0.0
page see;0.0
few page see;0.0
lean;0.0
drum;0.0
guard;0.0
perfect;0.0
waters lean;0.0
finger drum;0.0
table continue;0.0
thing guard;0.0
waters lean back;0.0
articulate;0.0
thing want;0.0
book be;0.0
page want;0.0
second page want;0.0
afraid;0.0
jot;0.0
sound;0.0
down;0.0
worry;0.0
come sound;0.0
revise;0.0
throw;0.0
rewrite;0.0
page rewrite;0.0
try;0.0
force;0.0
fill;0.0
well be;0.0
require;0.0
book require;0.0
year write;0.0
crackpot make;0.0
plunge;0.0
work;0.0
feel;0.0
pop;0.0
time feel;0.0
start pop;0.0
short time feel;0.0
time feel lose;0.0
enjoy;0.0
writer enjoy;0.0
waters find;0.0
job do;0.0
satisfaction feel;0.0
real job do;0.0
little satisfaction feel;0.0
confine 're;0.0
confine 're never;0.0
bug;0.0
forget;0.0
type;0.0
manuscript be;0.0
sister type;0.0
first manuscript be;0.0
stop;0.0
rush;0.0
waters stop;0.0
inspiration have;0.0
desk write;0.0
sober see;0.0
ha be;0.0
cold sober see;0.0
rotten ha be;0.0
scrap;0.0
wa write;0.0
name wa;0.0
name wa then;0.0
produce;0.0
wa star;0.0
evolve;0.0
picture write;0.0
like;0.0
people say;0.0
richness do;0.0
richness do n't;0.0
necessitate;0.0
routine have;0.0
ask write;0.0
script necessitate;0.0
friend;0.0
author live;0.0
make friend;0.0
year make friend;0.0
instrumental have;0.0
custom be;0.0
traditional custom be;0.0
kid want;0.0
kid have;0.0
reservation get;0.0
white kid have;0.0
grow;0.0
publish;0.0
involve;0.0
case involve;0.0
concoct;0.0
save;0.0
story save;0.0
detective story save;0.0
series be;0.0
favorite series be;0.0
waters learn;0.0
epitomize;0.0
culture epitomize;0.0
american culture epitomize;0.0
break;0.0
own;0.0
expected;0.0
learning;0.0
aware;0.0
important;0.0
explore;0.0
potential;0.0
negotiation;0.0
importance;0.0
workshop have;0.0
be aware;0.0
see benefit;0.0
solve negotiation;0.0
understand importance;0.0
problem solve negotiation;0.0
obtain;0.0
attend;0.0
please;0.0
allocate;0.0
request be;0.0
circumstance be;0.0
list allocate;0.0
unforeseen circumstance be;0.0
wait list allocate;0.0
disadvantage;0.0
lose;0.0
include;0.0
u provide;0.0
member include;0.0
enable u provide;0.0
postpone;0.0
cancel;0.0
happen;0.0
tutor;0.0
reimburse;0.0
note be;0.0
ha happen;0.0
strike be;0.0
ha happen only;0.0
email;0.0
re-schedule;0.0
future email;0.0
attempt re-schedule;0.0
online apply;0.0
workshop please;0.0
one-day workshop please;0.0
login;0.0
register;0.0
event have;0.0
applicant be;0.0
successful applicant be;0.0
represent;0.0
work ’;0.0
client be;0.0
appear;0.0
post appear;0.0
post appear first;0.0
workshop give;0.0
improve;0.0
process help;0.0
prepare;0.0
gather;0.0
negotiate;0.0
grind;0.0
negotiation prepare;0.0
information need;0.0
principled negotiation prepare;0.0
negotiation prepare effectively;0.0
workshop include;0.0
exercise provide;0.0
opportunity try;0.0
practical exercise provide;0.0
agree;0.0
regret;0.0
anyone need;0.0
past agree;0.0
qualifications require;0.0
qualification be;0.0
specific qualification be;0.0
enhancement include;0.0
solution help;0.0
enhancement support;0.0
conjunction provide;0.0
source include;0.0
reduce;0.0
optimize;0.0
help reduce;0.0
environment optimize;0.0
allow;0.0
device allow;0.0
smart device allow;0.0
send;0.0
address;0.0
capability help;0.0
prepare address;0.0
say senior;0.0
gain;0.0
communication;0.0
proactive;0.0
actionable;0.0
dynamic;0.0
world;0.0
organization gain;0.0
real-time communication;0.0
more proactive;0.0
leader actionable;0.0
drive real-time communication;0.0
employ more proactive;0.0
more proactive approach;0.0
action;0.0
anticipate respond;0.0
take action;0.0
make more;0.0
platform be;0.0
solution be;0.0
vision be;0.0
contain;0.0
release contain;0.0
statement include;0.0
forward-looking statement include;0.0
base;0.0
cause;0.0
differ;0.0
imply;0.0
statement be;0.0
performance be;0.0
expectation involve;0.0
assumption cause;0.0
result differ;0.0
express imply;0.0
forward-looking statement be;0.0
future performance be;0.0
actual result differ;0.0
statement be not;0.0
result differ materially;0.0
factor see;0.0
filing make;0.0
other filing make;0.0
update;0.0
release be;0.0
law assume;0.0
obligation update;0.0
mention be;0.0
face;0.0
surround;0.0
death;0.0
circumstance surround;0.0
baby death;0.0
too;0.0
investigation;0.0
right;0.0
hospital;0.0
upset;0.0
staff hospital;0.0
birth;0.0
give birth;0.0
partner leave;0.0
baby partner leave;0.0
blood;0.0
related;0.0
petition;0.0
hope;0.0
express;0.0
cover express;0.0
still;0.0
heart;0.0
marriage work;0.0
work saw;0.0
care;0.0
day say;0.0
foster;0.0
talk;0.0
kid be;0.0
bring foster;0.0
do talk;0.0
care do talk;0.0
kid be more;0.0
snowball ’;0.0
snowball ’ ve;0.0
die;0.0
woman s;0.0
58-year-old woman s;0.0
felt;0.0
outweigh;0.0
have. say;0.0
couldn;0.0
ve have;0.0
case couldn;0.0
handle say;0.0
possibly;0.0
everything possibly;0.0
blossom;0.0
call have;0.0
recognise;0.0
accept;0.0
leader say;0.0
ability accept;0.0
child come;0.0
pass;0.0
skill have;0.0
incredible skill have;0.0
describe;0.0
woman provide;0.0
child have;0.0
incredible woman provide;0.0
place;0.0
house be;0.0
child;0.0
executive say;0.0
woman open;0.0
house child;0.0
chief executive say;0.0
extraordinary woman open;0.0
support say;0.0
unconditional support say;0.0
repair;0.0
home child;0.0
were.;0.0
funeral;0.0
celebrate;0.0
kind;0.0
world love;0.0
attend s;0.0
remember kind;0.0
wa always;0.0
wa always do;0.0
heartwarming;0.0
wa take;0.0
break get;0.0
family say;0.0
break get away;0.0
wonderful care;0.0
everybody wa;0.0
with. say;0.0
plan continue;0.0
work wa;0.0
ring;0.0
dignity tell;0.0
son live;0.0
quiet dignity tell;0.0
new;0.0
door;0.0
be nothing;0.0
come home;0.0
see new;0.0
walk door;0.0
d say;0.0
face walk door;0.0
week turn;0.0
bring;0.0
family bring;0.0
way bring;0.0
same way bring;0.0
son drive;0.0
seat say;0.0
front seat say;0.0
light look;0.0
road see;0.0
wonder;0.0
story ..;0.0
confusing;0.0
become;0.0
year make;0.0
news become;0.0
few year make;0.0
wa wa;0.0
recall;0.0
justice;0.0
troop help;0.0
american troop help;0.0
release;0.0
troop have;0.0
partner help;0.0
unsavory partner help;0.0
working;0.0
topple;0.0
trigger;0.0
force have;0.0
central force have;0.0
ha make;0.0
rebel be;0.0
rebel be actually;0.0
condemn;0.0
talk say;0.0
terrorism wa;0.0
due terrorism wa;0.0
someone be;0.0
disaster be;0.0
democracy be;0.0
result be;0.0
group ha;0.0
group be;0.0
group be clearly;0.0
democracy;0.0
rig;0.0
war be;0.0
system produce;0.0
trust;0.0
refrain;0.0
strength be;0.0
religion be;0.0
organization be;0.0
one ha;0.0
competence keep;0.0
function keep;0.0
political organization be;0.0
only one ha;0.0
basic competence keep;0.0
rule;0.0
be rule;0.0
effect;0.0
stupid;0.0
rule stupid;0.0
people be;0.0
undermine;0.0
legitimacy;0.0
soon;0.0
power;0.0
supply;0.0
inferior;0.0
figure;0.0
hopeful;0.0
athlete hopeful;0.0
element be;0.0
specific;0.0
example specific;0.0
resource be;0.0
ease use;0.0
available;0.0
visit;0.0
please visit;0.0
design provide;0.0
total;0.0
two-time;0.0
gold;0.0
excite;0.0
together excite;0.0
program;0.0
non-profit;0.0
vision;0.0
align;0.0
strengthen align;0.0
world-leading;0.0
support world-leading;0.0
partnership be;0.0
body;0.0
loading;0.0
debate;0.0
ll;0.0
deputy;0.0
resolution;0.0
republican resolution;0.0
block republican resolution;0.0
photo;0.0
photo former;0.0
european;0.0
vote;0.0
disgrace vote;0.0
it.;0.0
social;0.0
don ’ t;0.0
song;0.0
sing;0.0
have song;0.0
wed;0.0
orders;0.0
surrender;0.0
inning surrender;0.0
déjà;0.0
leadoff;0.0
apparently;0.0
wa apparently;0.0
director communication;0.0
end;0.0
husband;0.0
describing;0.0
attention;0.0
celebrity attention;0.0
appearance;0.0
dressed;0.0
39-year-old;0.0
pooper 39-year-old;0.0
color;0.0
says;0.0
chance;0.0
win;0.0
22-year-old come;0.0
spokesman;0.0
originally wife;0.0
fear;0.0
allege;0.0
reportedly allege;0.0
bank;0.0
balance bank;0.0
obviously;0.0
perhaps;0.0
especially;0.0
question perhaps;0.0
bank especially;0.0
emerge market;0.0
actually;0.0
probe;0.0
regulator;0.0
part probe;0.0
gold regulator;0.0
instead gold regulator;0.0
claim part;0.0
source claim part;0.0
website note;0.0
conclude;0.0
reality;0.0
hence;0.0
localism;0.0
interest;0.0
bewilder;0.0
press;0.0
adoption;0.0
testify;0.0
set testify;0.0
typically;0.0
seem;0.0
people seem;0.0
originally;0.0
foreign;0.0
key foreign;0.0
decision be;0.0
founder;0.0
idnext;0.0
next-line;0.0
seller amount;0.16666666666666666
pay seller amount;0.0
annual;0.0
case annual;0.0
performance;0.0
certain;0.0
subject certain;0.0
uncertainty cause;0.0
uncertainty include;0.0
incorporate;0.0
yuval;0.0
inventory;0.0
complex;0.0
unfortunately;0.0
heavy;0.0
individual;0.0
shortcoming;0.0
strengthening;0.0
peacekeeping;0.0
humanitarian;0.0
broad;0.0
increasingly;0.0
ago first;0.0
beauty;0.0
surprisingly;0.0
also be;0.0
oil;0.0
fell;0.0
gouge;0.0
commodity;0.0
laissez-faire;0.0
clear laissez-faire;0.0
permafrost thaw;0.0
high-level;0.0
other high-level;0.0
all-too-real;0.0
purely;0.0
clear;0.0
concern;0.0
xi;0.0
anyone;0.0
serve;0.0
be serve;0.0
govern;0.0
cloud;0.0
unique;0.0
success;0.0
core success;0.0
currently;0.0
democratic;0.0
easy;0.0
military;0.0
afterwards;0.0
defence;0.0
embrace;0.0
case;0.0
await;0.0
notebook;0.0
seventy-eight-year-old;0.0
hundreds;0.0
solicitor;0.0
mainly;0.0
be mainly;0.0
qsr;0.0
rate;0.0
asset;0.0
further asset;0.0
syief;0.0
strong;0.0
gradual;0.0
given gradual;0.0
moreover;0.0
waning;0.0
print;0.0
persistency;0.0
lower;0.0
pbsff;0.0
confrontations;0.0
kid;0.0
peer;0.0
series;0.0
wildly;0.0
recipe;0.0
life;0.0
local;0.0
short;0.0
stop short;0.0
aren;0.0
hear;0.0
commend;0.0
confront;0.0
brutal;0.0
device;0.0
own device;0.0
progress;0.0
fortunately;0.0
month;0.0
only month;0.0
exports;0.0
film be;0.0
embed;0.0
alongside;0.0
film;0.0
explain;0.0
late;0.0
play late;0.0
extraordinary;0.0
choose;0.0
investigate;0.0
car;0.0
be investigate;0.0
pilot;0.0
crash;0.0
crash pilot;0.0
plane crash;0.0
pilot wife;0.0
plane crash pilot;0.0
plane;0.0
small plane;0.0
sister;0.0
shoot sister;0.0
lane;0.0
attack;0.0
passenger;0.0
updated;0.0
bus;0.0
suspend be;0.0
passenger updated;0.0
passenger updated 2015-09-01;0.0
driver;0.0
bus driver;0.0
local high;0.0
visit local high;0.0
inside;0.0
recover;0.0
baby inside;0.0
search;0.0
woman;0.0
custody;0.0
police woman;0.0
suspect custody;0.0
police woman shoot;0.0
volunteers;0.0
shift;0.0
books;0.0
wish give;0.0
invite;0.0
woman be;0.0
notice be;0.0
woman be only;0.0
increase;0.0
speaker be;0.0
woman have;0.0
few speaker be;0.0
reason think;0.0
noble reason think;0.0
front ’;0.0
boy be;0.0
boy be there;0.0
men have;0.0
veteran say;0.0
duty be;0.0
catch;0.0
woman get;0.0
get catch;0.0
backtrack;0.0
opposed;0.0
leader have;0.0
membership do;0.0
many membership do;0.0
minute show;0.0
away;0.0
soldier;0.0
yearbook say;0.0
be away;0.0
break soon;0.0
be away country;0.0
break soon get;0.0
have long;0.0
wa force;0.0
say press;0.0
have long express;0.0
husband get;0.0
suffer;0.0
election suffer;0.0
issue have;0.0
political issue have;0.0
issue have n't;0.0
reveal;0.0
office;0.0
article reveal;0.0
franchise be;0.0
limited franchise be;0.0
franchise be very;0.0
catch be;0.0
many catch be;0.0
hide;0.0
lesser;0.0
have find;0.0
trick give;0.0
leader wa;0.0
way let;0.0
men vote;0.0
fight men vote;0.0
marry;0.0
month be;0.0
claing;0.0
lie;0.0
narrative;0.0
cover;0.0
furies cover;0.0
suffragists cover;0.0
canadian suffragists cover;0.0
warn;0.0
book happen;0.0
wa meet;0.0
woman live;0.0
many woman live;0.0
woman live there;0.0
float;0.0
claim wa;0.0
one float;0.0
eat;0.0
campaign get;0.0
proportion be;0.0
high proportion be;0.0
nursing;0.0
having;0.0
wondering;0.0
day have;0.0
boob be;0.0
endless day have;0.0
boob be ever;0.0
harm;0.0
tell be;0.0
body be;0.0
own body be;0.0
preying;0.0
campaign be;0.0
campaign be silly;0.0
problem be;0.0
wrack;0.0
picture be;0.0
earth be;0.0
time make;0.0
reality be;0.0
breastfeeding;0.0
struggle;0.0
baby be;0.0
nurse;0.0
expect;0.0
suppose;0.0
meal think;0.0
healthy meal think;0.0
slab;0.0
tie;0.0
baby try;0.0
first baby try;0.0
paternity leave;0.0
long paternity leave;0.0
mum worry;0.0
new mum worry;0.0
mum worry about;0.0
hit;0.0
kid have n't;0.0
ditch;0.0
scaremongering;0.0
mum focus;0.0
new mum focus;0.0
oversee;0.0
midwife oversee;0.0
thing eat;0.0
burger be;0.0
only thing eat;0.0
advocate;0.0
grab;0.0
apple be;0.0
overhaul;0.0
time overhaul;0.0
diet become;0.0
whilst 're;0.0
swallow;0.0
pill swallow;0.0
concern 're;0.0
way help;0.0
period doe;0.0
year be;0.0
encourage;0.0
pharmacy ask;0.0
local pharmacy ask;0.0
debate be;0.0
debate be no;0.0
miracle find;0.0
gorge;0.0
live 'm;0.0
much live 'm;0.0
live 'm not;0.0
bland;0.0
salad be;0.0
salad be n't;0.0
roast;0.0
potato;0.0
prepare once;0.0
prepare once 've;0.0
alternate;0.0
deserve;0.0
surviving;0.0
blog surviving;0.0
perform;0.0
straddle;0.0
sacred;0.0
scene go;0.0
s “;0.0
album straddle;0.0
line sacred;0.0
double-platinum album straddle;0.0
spawn;0.0
is;0.0
debut;0.0
hit live;0.0
spark;0.0
typical;0.0
three-minute;0.0
gold spark;0.0
radio hit;0.0
provided;0.0
knows;0.0
discus;0.0
receive;0.0
miscarriage;0.0
photo provided;0.0
album ”;0.0
record knows;0.0
comfort say;0.0
time lose;0.0
year lose;0.0
baby miscarriage;0.0
new record knows;0.0
recent year lose;0.0
tickets s;0.0
locate;0.0
coordinate;0.0
relate;0.0
strain;0.0
czar coordinate;0.0
reflect;0.0
comply;0.0
committee say;0.0
appointment reflect;0.0
admission have;0.0
admission have not;0.0
adding;0.0
compliance;0.0
bureaucracy address;0.0
arrangement mean;0.0
proof be;0.0
officials say;0.0
revamp;0.0
effort revamp;0.0
major effort revamp;0.0
prevent;0.0
enter;0.0
lead;0.0
time show;0.0
terrorist enter;0.0
future lead;0.0
retire;0.0
post wa;0.0
application follow;0.0
air have;0.0
travel;0.0
attempt travel;0.0
attempt travel abroad;0.0
month have;0.0
past month have;0.0
investigation say;0.0
bureau;0.0
vet;0.0
addition bureau;0.0
personnel have;0.0
lawsuit keep;0.0
other personnel have;0.0
various lawsuit keep;0.0
personnel have also;0.0
request;0.0
department be;0.0
meet request;0.0
pile;0.0
requests be;0.0
requests be also;0.0
task;0.0
addition investigate;0.0
ha task;0.0
say take;0.0
official say take;0.0
be n't;0.0
be n't cooperate;0.0
document;0.0
redact;0.0
classify;0.0
meet document;0.0
process ha;0.0
failure redact;0.0
information include;0.0
say be;0.0
sensitive information include;0.0
personnel vet;0.0
classification upgrade;0.0
seek;0.0
balance;0.0
ensure;0.0
try ensure;0.0
deficit;0.0
quota set;0.0
hop;0.0
say hop;0.0
appointment give;0.0
official say hop;0.0
clean;0.0
tape need;0.0
red tape need;0.0
cross;0.0
cut;0.0
someone cross;0.0
bureau get;0.0
information clear;0.0
information clear soon;0.0
volume be;0.0
volume be not;0.0
triple;0.0
official say;0.0
document have;0.0
office process;0.0
small office process;0.0
request ha;0.0
request ha not;0.0
overwhelm;0.0
resourced;0.0
view be;0.0
process be;0.0
process want;0.0
sclerotic process want;0.0
ha be fairly;0.0
implement;0.0
system;0.0
addition ensure;0.0
document be;0.0
manner be;0.0
sector implement;0.0
improve system;0.0
timely manner be;0.0
private sector implement;0.0
technology improve system;0.0
annoy;0.0
department ha;0.0
prompt;0.0
part ha;0.0
server have;0.0
add be;0.0
servant have;0.0
official add be;0.0
public servant have;0.0
add be also;0.0
call;0.0
drag;0.0
accuse;0.0
chair have;0.0
dedicate;0.0
resolve;0.0
agency be;0.0
request expect;0.0
fashion say;0.0
rapid fashion say;0.0
reason ’;0.0
reason ’ m;0.0
growing;0.0
football;0.0
be ironic;0.0
graduate;0.0
mother ’;0.0
class graduate;0.0
co-ed class graduate;0.0
weren;0.0
thanksgiving have;0.0
game weren;0.0
spend;0.0
remember;0.0
name become;0.0
time remember;0.0
degree;0.0
order spend;0.0
time have;0.0
job work;0.0
teach;0.0
coach;0.0
return;0.0
itch get;0.0
coach say;0.0
itch get back;0.0
principal spend;0.0
assistant principal spend;0.0
fall become;0.0
question ’;0.0
rank;0.0
serf;0.0
student;0.0
s student;0.0
year s student;0.0
school offer;0.0
student graduate;0.0
mean student graduate;0.0
student graduate much;0.0
gift;0.0
meet discus;0.0
school be;0.0
secret school be;0.0
guy;0.0
job.;0.0
tradition;0.0
understand;0.0
different;0.0
cat.;0.0
repeatedly;0.0
be stay;0.0
let guy;0.0
freshman “;0.0
here understand;0.0
table repeatedly;0.0
here understand be;0.0
alumnus have;0.0
you. ”;0.0
minorities make;0.0
environment feel;0.0
daughter –;0.0
wife be;0.0
this.;0.0
unassuming;0.0
position do;0.0
notepad ’;0.0
someone;0.0
top ’;0.0
inspire someone;0.0
interview ’ s;0.0
faith say;0.0
everything come;0.0
faith make;0.0
reason be;0.0
search do;0.0
nationwide search do;0.0
humility;0.0
be humility;0.0
quality be humility;0.0
seriously.;0.0
mention;0.0
very seriously.;0.0
journey prestigious;0.0
scant mention;0.0
take very seriously.;0.0
make scant mention;0.0
very seriously. ”;0.0
loath;0.0
principal seem;0.0
principal seem mystify;0.0
re;0.0
search become;0.0
nationwide search become;0.0
tour;0.0
house say;0.0
property 're;0.0
multiple property 're;0.0
approve;0.0
palardy say;0.0
official get;0.0
board approve;0.0
consider;0.0
town ha;0.0
unit be;0.0
rental unit be;0.0
transform;0.0
property wa;0.0
market say;0.0
property wa n't;0.0
hint;0.0
sale say;0.3333333333333333
pursuit hint;0.0
something do;0.0
new pursuit hint;0.0
couple sell;0.16666666666666666
extend;0.0
fire extend;0.0
roof say;0.0
heavy fire extend;0.0
roof say earlier;0.0
inquiry say;0.0
several inquiry say;0.0
relocate;0.0
residents have;0.0
house be not;0.0
convert;0.0
property convert;0.0
entertain;0.0
place 're;0.0
couple be;0.0
property be;0.0
employee be;0.0
employee be still;0.0
operate;0.0
wa know;0.0
elect;0.0
wake;0.0
minister elect;0.0
promise focus;0.0
prime minister elect;0.0
label;0.0
opposition wa;0.0
mansion wa;0.0
pink mansion wa;0.0
convulse;0.0
backroom;0.0
shake;0.0
public;0.0
leader be;0.0
ha recent;0.0
be convulse;0.0
have shake;0.0
instability ha recent;0.0
year be convulse;0.0
depose;0.0
mandate depose;0.0
strong mandate depose;0.0
reporting;0.0
dollar reporting;0.0
oust;0.0
vote oust;0.0
entrepreneur be;0.0
entrepreneur be hugely;0.0
prosperity;0.0
reporter;0.0
optimism be;0.0
ensure prosperity;0.0
fill optimism be;0.0
cope;0.0
poll show;0.0
struggle cope;0.0
turnbull;0.0
widely;0.0
statement;0.0
medium;0.0
single statement;0.0
corbynites;0.0
paper believe;0.0
rightwing;0.0
dealing be;0.0
engage;0.0
wa engage;0.0
sweat;0.0
guarantee;0.0
sophomore;0.0
side;0.0
super-state senior;0.0
victory become;0.0
6-foot-2;0.0
be final;0.0
caveat;0.0
introduce find;0.0
order here;0.0
big caveat;0.0
kit 's also;0.0
have such;0.0
nice thing;0.0
family people;0.0
have family people;0.0
refrigerator;0.0
lot;0.0
example;0.0
flavor;0.0
different flavor;0.0
setting;0.0
point;0.0
good;0.0
tutorial get;0.0
graphical;0.0
object;0.0
similar object;0.0
foray;0.0
free;0.0
simple;0.0
create simple;0.0
system create simple;0.0
eclipse;0.0
class;0.0
be class;0.0
compiler;0.0
audience;0.0
teen;0.0
firmly;0.0
chairwoman firmly;0.0
vice;0.0
labor-intensive;0.0
s labor-intensive;0.0
shrug call;0.0
honest;0.0
hot;0.0
news;0.0
conservative;0.0
force s;0.0
help force s;0.0
run “;0.0
ha run “;0.0
comment;0.0
recent comment;0.0
insist;0.0
few state;0.0
ordinance;0.0
local ordinance;0.0
type think;0.0
holdout;0.0
surprise;0.0
presidential;0.0
socially;0.0
french;0.0
town;0.0
folk town;0.0
behoove;0.0
forum;0.0
board;0.0
member help;0.0
special ha;0.0
particular;0.0
anytime have;0.0
everything;0.0
pryor;0.0
definitely;0.0
back;0.0
past;0.0
look back;0.0
ab;0.0
hibernate;0.0
http;0.0
m go;0.0
family;0.0
develop program;0.0
goal be;0.0
raise.me;0.0
radio;0.0
ey;0.0
australian release;0.0
be continue;0.0
formal;0.0
be formal;0.0
cap;0.0
look cap;0.0
director;0.0
government;0.0
following;0.0
uncle be;0.0
finish raise;0.0
child do;0.0
same finish raise;0.0
righteous child do;0.0
climb;0.0
escape;0.0
rope climb;0.0
window escape;0.0
child love;0.0
open window escape;0.0
rise;0.0
dust;0.0
u “;0.0
destiny be;0.0
time rise;0.0
token be;0.0
weakness be;0.0
same token be;0.0
give weakness be;0.0
destiny be not;0.0
time rise up;0.0
prophet write;0.0
men come;0.0
ancient prophet write;0.0
humble;0.0
grace be;0.0
men humble;0.0
humble grace be;0.0
sufficient men humble;0.0
unto;0.0
me—the;0.0
message;0.0
show unto;0.0
bringeth me—the;0.0
beautiful message;0.0
hand be;0.0
hand be so;0.0
fight;0.0
purpose fight;0.0
purpose fight back;0.0
suck;0.0
leaf;0.0
ourselves leaf;0.0
theater use;0.0
statement have;0.0
friend saw;0.0
over;0.0
phrase help;0.0
adversary over;0.0
enemy be;0.0
leader keep;0.0
religious leader keep;0.0
stand;0.0
ephesians say;0.0
love u;0.0
keep faith;0.0
friend love u;0.0
thy;0.0
order provide;0.0
faithful;0.0
remain.;0.0
tear;0.0
change faithful;0.0
page sing;0.0
month wa;0.0
message receive;0.0
last month wa;0.0
tempt;0.0
message be;0.0
everyone tempt;0.0
weakness know;0.0
u weakness know;0.0
weakness know best;0.0
able;0.0
physical;0.0
manifestation;0.0
scar;0.0
be physical;0.0
u down;0.0
debilitate scar;0.0
beat be not;0.0
drag u down;0.0
be not best;0.0
offence commit;0.0
girlfriend lose;0.0
pointing;0.0
insurance say;0.0
third-party insurance say;0.0
address s;0.0
man have;0.0
student commit;0.0
teenage student commit;0.0
swerve;0.0
mount;0.0
midnight lose;0.0
car cause;0.0
fling;0.0
friend have;0.0
men be;0.0
today wa;0.0
reveal have;0.0
drug include;0.0
effect include;0.0
speed;0.0
court have;0.0
wa part;0.0
fact wa;0.0
drug be;0.0
precious;0.0
investment;0.0
countless;0.0
be precious;0.0
perform task;0.0
shouldn ’;0.0
be do;0.0
t be do;0.0
strategy include;0.0
efficiency be;0.0
most important;0.0
details.3 driving;0.0
objective –;0.0
most important growth;0.0
boost;0.0
outsource;0.0
intend show;0.0
size boost;0.0
technique make;0.0
delegate outsource;0.0
problem-solving technique make;0.0
kick;0.0
building;0.0
webcast building;0.0
efficiency drive;0.0
advisors register;0.0
workshop explore;0.0
regional workshop explore;0.0
workshop take;0.0
place follow;0.0
first workshop take;0.0
running;0.0
paper running;0.0
business show;0.0
perspective paper running;0.0
efficient business show;0.0
tdameritrade.com;0.0
businessperformance tdameritrade.com;0.0
firm be;0.0
unaffiliated firm be;0.0
firm be not;0.0
team allow;0.0
advisor run;0.0
avoiding;0.0
advisor take;0.0
responsibility spend;0.0
advisor turn;0.0
education make;0.0
decide;0.0
client want;0.0
control help;0.0
recognize;0.0
reserve;0.0
right reserve;0.0
source right reserve;0.0
ria;0.0
top-line;0.0
management set;0.0
priority be;0.0
show ria;0.0
improve top-line;0.0
firm improve top-line;0.0
operation achieve;0.0
streamline operation achieve;0.0
tracking;0.0
track;0.0
program track;0.0
time devote;0.0
much time devote;0.0
evaluate;0.0
advisor better;0.0
time evaluate;0.0
scrutinize;0.0
doing;0.0
incoming;0.0
leaving;0.0
unfinished;0.0
identify;0.0
advisor scrutinize;0.0
day find;0.0
trap doing;0.0
task be;0.0
socialize incoming;0.0
travel ’;0.0
productivity-killers be;0.0
advisor improve;0.0
role say;0.0
task unfinished;0.0
advisor identify;0.0
distraction create;0.0
plan make;0.0
focus more;0.0
much socialize incoming;0.0
many productivity-killers be;0.0
much advisor identify;0.0
task unfinished not;0.0
arise;0.0
ability;0.0
overall;0.0
distraction arise;0.0
life become;0.0
accomplish goal;0.0
be first;0.0
increase overall;0.0
daily life become;0.0
specify;0.0
number;0.0
office have;0.0
time turn;0.0
example consider;0.0
reserve specify;0.0
visitors. be;0.0
do more;0.0
inspire look;0.0
hard time turn;0.0
people be frequently;0.0
time turn away;0.0
customer service;0.0
generate customer order;0.0
cancel insufficient-stock order;0.0
customer service;0.0
customer service;0.0
generate customer order;0.0
local stock control;0.0
customer order delivery;0.0
sale register;0.3333333333333333
sales statistics;0.0
customer service;0.0
generate customer order;0.0
local stock control;0.0
customer order delivery;0.0
sale register;0.3333333333333333
home sale delivery;0.0
customer service;0.0
generate customer order;0.0
local stock control;0.0
customer order delivery;0.0
billing custom sale;0.0
customer service;0.0
generate customer order;0.0
local stock control;0.0
complete customer order;0.0
remote stock control;0.0
emit customer quotation;0.0
customer service;0.0
generate customer order;0.0
local stock control;0.0
complete customer order;0.0
remote stock control;0.0
emit customer quotation;0.0
cancel customer order;0.0
customer service;0.0
generate customer order;0.0
local stock control;0.0
complete customer order;0.0
remote stock control;0.0
emit customer quotation;0.0
customer order delivery;0.0
sale register;0.3333333333333333
sales statistics;0.0
home sale delivery;0.0
